<application>
  <component name="DiffManager">
    <filesTool value="C:\Program Files (x86)\WinMerge\WinMergeU.exe" newValue="C:\Program Files (x86)\WinMerge\WinMergeU.exe" />
    <mergeToolParameters value="%1 %2 %3 %4" />
  </component>
  <component name="DiffSettings">
    <option name="PLACES_MAP">
      <entry key="ChangesView">
        <PlaceSettings />
      </entry>
      <entry key="CommitDialog">
        <PlaceSettings />
      </entry>
      <entry key="Default">
        <PlaceSettings />
      </entry>
    </option>
  </component>
  <component name="ExternalDiffSettings">
    <option name="DIFF_ENABLED" value="true" />
    <option name="DIFF_DEFAULT" value="false" />
    <option name="DIFF_EXE_PATH" value="C:\Program Files (x86)\WinMerge\WinMergeU.exe" />
    <option name="DIFF_PARAMETERS" value="%1 %2 %3" />
    <option name="MERGE_ENABLED" value="false" />
    <option name="MERGE_EXE_PATH" value="" />
    <option name="MERGE_PARAMETERS" value="%1 %2 %3 %4" />
  </component>
  <component name="TextDiffSettings">
    <option name="PLACES_MAP">
      <entry key="ChangesView">
        <PlaceSettings>
          <option name="EXPAND_BY_DEFAULT" value="false" />
        </PlaceSettings>
      </entry>
      <entry key="CommitDialog">
        <PlaceSettings>
          <option name="EXPAND_BY_DEFAULT" value="false" />
        </PlaceSettings>
      </entry>
      <entry key="Default">
        <PlaceSettings />
      </entry>
    </option>
  </component>
</application>