<application>
  <component name="CodeFoldingSettings">
    <option name="COLLAPSE_IMPORTS" value="false" />
    <option name="COLLAPSE_DOC_COMMENTS" value="true" />
  </component>
  <component name="CodeInsightSettings">
    <option name="AUTO_POPUP_JAVADOC_INFO" value="true" />
    <option name="AUTOCOMPLETE_ON_CLASS_NAME_COMPLETION" value="true" />
    <option name="SURROUND_SELECTION_ON_QUOTE_TYPED" value="true" />
    <option name="REFORMAT_ON_PASTE" value="2" />
    <option name="ADD_IMPORTS_ON_PASTE" value="1" />
    <option name="HIGHLIGHT_SCOPE" value="true" />
    <option name="ADD_UNAMBIGIOUS_IMPORTS_ON_THE_FLY" value="true" />
    <EXCLUDED_PACKAGE NAME="sun" />
    <EXCLUDED_PACKAGE NAME="com.sun" />
    <EXCLUDED_PACKAGE NAME="org.jboss" />
    <EXCLUDED_PACKAGE NAME="org.apache.tools.ant" />
    <EXCLUDED_PACKAGE NAME="oracle.sql" />
    <EXCLUDED_PACKAGE NAME="org.hsqldb" />
    <EXCLUDED_PACKAGE NAME="javax.management.InstanceAlreadyExistsException" />
    <EXCLUDED_PACKAGE NAME="org.hibernate.action" />
    <EXCLUDED_PACKAGE NAME="org.aspectj" />
    <EXCLUDED_PACKAGE NAME="org.mockito.internal.listeners.CollectCreatedMocks" />
  </component>
  <component name="DaemonCodeAnalyzerSettings">
    <option name="NEXT_ERROR_ACTION_GOES_TO_ERRORS_FIRST" value="false" />
    <option name="ERROR_STRIPE_MARK_MIN_HEIGHT" value="3" />
  </component>
  <component name="JSCodeFoldingSettings">
    <option name="collapseJSImports" value="false" />
    <option name="COLLAPSE_JS_IMPORTS" value="false" />
  </component>
  <component name="JavaCodeFoldingSettings">
    <option name="collapseAccessors" value="true" />
    <option name="collapseConstructorGenericParameters" value="false" />
    <option name="COLLAPSE_ACCESSORS" value="true" />
    <option name="COLLAPSE_CONSTRUCTOR_GENERIC_PARAMETERS" value="false" />
  </component>
  <component name="XmlFoldingSettings">
    <option name="COLLAPSE_ENTITIES" value="false" />
  </component>
</application>