<application>
  <component name="DependencyUISettings">
    <option name="UI_SHOW_FILES" value="false" />
  </component>
  <component name="UISettings">
    <option name="ACTIVATE_MRU_EDITOR_ON_CLOSE" value="true" />
    <option name="COLOR_BLINDNESS" value="deuteranopia" />
    <option name="DISABLE_MNEMONICS" value="true" />
    <option name="EDITOR_TAB_LIMIT" value="200" />
    <option name="HIDE_KNOWN_EXTENSION_IN_TABS" value="true" />
    <option name="MAX_CLIPBOARD_CONTENTS" value="20" />
    <option name="MAX_LOOKUP_LIST_HEIGHT" value="12" />
    <option name="SHOW_MEMORY_INDICATOR" value="true" />
    <option name="SHOW_NAVIGATION_BAR" value="false" />
    <option name="SHOW_STATUS_BAR" value="false" />
    <option name="USE_SMALL_LABELS_ON_TABS" value="true" />
  </component>
</application>