<keymap version="1" name="Mac OS X copy" parent="Mac OS X">
  <action id="ChooseRunConfiguration">
    <keyboard-shortcut first-keystroke="ctrl r" />
  </action>
  <action id="CloseActiveTab" />
  <action id="CloseContent">
    <keyboard-shortcut first-keystroke="meta w" />
  </action>
  <action id="CompareDirs" />
  <action id="CompareJars" />
  <action id="Compile">
    <keyboard-shortcut first-keystroke="meta f9" />
  </action>
  <action id="CompileDirty" />
  <action id="DatabaseView.ShowDiff" />
  <action id="EditorDeleteLine">
    <keyboard-shortcut first-keystroke="meta d" />
  </action>
  <action id="EditorDuplicate" />
  <action id="EditorSelectWord">
    <keyboard-shortcut first-keystroke="ctrl w" />
  </action>
  <action id="GuiDesigner.Duplicate" />
  <action id="MakeModule">
    <keyboard-shortcut first-keystroke="ctrl s" />
  </action>
  <action id="PackageFile">
    <keyboard-shortcut first-keystroke="meta f9" />
  </action>
  <action id="SwitchApply">
    <keyboard-shortcut first-keystroke="shift alt enter" />
  </action>
  <action id="SwitchDown">
    <keyboard-shortcut first-keystroke="shift alt down" />
  </action>
  <action id="SwitchLeft">
    <keyboard-shortcut first-keystroke="shift alt left" />
  </action>
  <action id="SwitchRight">
    <keyboard-shortcut first-keystroke="shift alt right" />
  </action>
  <action id="SwitchUp">
    <keyboard-shortcut first-keystroke="shift alt up" />
  </action>
</keymap>