<application>
  <component name="CommunityFileTypes" version="8">
    <ignoreFiles list="CVS;SCCS;RCS;rcs;.DS_Store;.svn;.pyc;.pyo;*.pyc;*.pyo;.git;*.hprof;_svn;.hg;*.lib;*~;" />
    <extensionMap>
      <mapping ext="rb" type="PLAIN_TEXT" />
      <mapping ext="jspx" type="XML" />
      <mapping ext="pom" type="XML" />
      <mapping ext="rng" type="XML" />
      <mapping ext="tagx" type="XML" />
    </extensionMap>
  </component>
  <component name="FileTypeManager" version="17">
    <ignoreFiles list="*.hprof;*.o;*.obj;*.orig;*.pyc;*.pyo;*.rbc;*~;.DS_Store;.git;.hg;.svn;CVS;RCS;SCCS;__pycache__;_svn;rcs;vssver.scc;vssver2.scc;" />
    <extensionMap>
      <mapping pattern="rater-plan-container" type="ECMAScript 6" />
      <mapping pattern="mockedBackendJSON" type="JSON" />
      <mapping pattern="10" type="JSON" />
      <mapping pattern="asdasd" type="JSON" />
      <mapping pattern="show-more-reducers.js" type="JavaScript" />
      <mapping pattern="stg-conteiner" type="JavaScript" />
      <mapping pattern="20" type="PLAIN_TEXT" />
      <mapping pattern="MDS-versions-with" type="PLAIN_TEXT" />
      <mapping pattern="MDS-versions" type="PLAIN_TEXT" />
      <mapping pattern="21" type="PLAIN_TEXT" />
      <mapping pattern="list-utils.js" type="PLAIN_TEXT" />
      <mapping pattern="hgh" type="PLAIN_TEXT" />
      <mapping pattern="MDS-versions-without" type="PLAIN_TEXT" />
      <mapping pattern=".mds.rc" type="PLAIN_TEXT" />
      <mapping pattern="w" type="PLAIN_TEXT" />
      <mapping pattern="11" type="PLAIN_TEXT" />
      <mapping pattern="stg-conteiner.js" type="PLAIN_TEXT" />
      <mapping ext="fml" type="PLAIN_TEXT" />
      <mapping ext="profile" type="PLAIN_TEXT" />
      <mapping ext="688718749" type="PLAIN_TEXT" />
      <mapping ext="apt" type="PLAIN_TEXT" />
      <mapping ext="2915658179" type="PLAIN_TEXT" />
      <mapping ext="disabled" type="PLAIN_TEXT" />
      <mapping ext="rtp" type="PLAIN_TEXT" />
      <mapping ext="rts" type="PLAIN_TEXT" />
      <mapping ext="hgtags" type="PLAIN_TEXT" />
      <mapping ext="appcache" type="PLAIN_TEXT" />
      <mapping ext="mvn_last_change" type="PLAIN_TEXT" />
      <mapping ext="rej" type="XML" />
      <mapping ext="grv" type="XML" />
    </extensionMap>
  </component>
</application>