<?xml version="1.0" encoding="UTF-8"?>
<code_scheme name="Default (1)">
  <option name="OTHER_INDENT_OPTIONS">
    <value>
      <option name="INDENT_SIZE" value="4" />
      <option name="CONTINUATION_INDENT_SIZE" value="8" />
      <option name="TAB_SIZE" value="4" />
      <option name="USE_TAB_CHARACTER" value="true" />
      <option name="SMART_TABS" value="false" />
      <option name="LABEL_INDENT_SIZE" value="0" />
      <option name="LABEL_INDENT_ABSOLUTE" value="false" />
      <option name="USE_RELATIVE_INDENTS" value="false" />
    </value>
  </option>
  <option name="GENERATE_FINAL_LOCALS" value="true" />
  <option name="GENERATE_FINAL_PARAMETERS" value="true" />
  <option name="HTML_ALIGN_TEXT" value="true" />
  <option name="HTML_SPACE_INSIDE_EMPTY_TAG" value="true" />
  <option name="KEEP_FIRST_COLUMN_COMMENT" value="false" />
  <option name="ALIGN_MULTILINE_PARAMETERS_IN_CALLS" value="true" />
  <option name="KEEP_SIMPLE_METHODS_IN_ONE_LINE" value="true" />
  <option name="IF_BRACE_FORCE" value="1" />
  <XML>
    <option name="XML_LEGACY_SETTINGS_IMPORTED" value="true" />
  </XML>
  <codeStyleSettings language="CoffeeScript">
    <option name="KEEP_FIRST_COLUMN_COMMENT" value="false" />
    <option name="ALIGN_MULTILINE_PARAMETERS_IN_CALLS" value="true" />
    <option name="KEEP_SIMPLE_METHODS_IN_ONE_LINE" value="true" />
    <option name="PARENT_SETTINGS_INSTALLED" value="true" />
  </codeStyleSettings>
  <codeStyleSettings language="Dart">
    <option name="KEEP_FIRST_COLUMN_COMMENT" value="false" />
    <option name="ALIGN_MULTILINE_PARAMETERS_IN_CALLS" value="true" />
    <option name="PARENT_SETTINGS_INSTALLED" value="true" />
  </codeStyleSettings>
  <codeStyleSettings language="ECMA Script Level 4">
    <option name="LINE_COMMENT_AT_FIRST_COLUMN" value="true" />
    <option name="BLOCK_COMMENT_AT_FIRST_COLUMN" value="true" />
    <option name="KEEP_LINE_BREAKS" value="true" />
    <option name="KEEP_FIRST_COLUMN_COMMENT" value="false" />
    <option name="INSERT_FIRST_SPACE_IN_LINE" value="true" />
    <option name="KEEP_CONTROL_STATEMENT_IN_ONE_LINE" value="true" />
    <option name="KEEP_BLANK_LINES_IN_DECLARATIONS" value="2" />
    <option name="KEEP_BLANK_LINES_IN_CODE" value="2" />
    <option name="KEEP_BLANK_LINES_BEFORE_RBRACE" value="2" />
    <option name="BLANK_LINES_BEFORE_PACKAGE" value="0" />
    <option name="BLANK_LINES_AFTER_PACKAGE" value="1" />
    <option name="BLANK_LINES_BEFORE_IMPORTS" value="1" />
    <option name="BLANK_LINES_AFTER_IMPORTS" value="1" />
    <option name="BLANK_LINES_AROUND_CLASS" value="1" />
    <option name="BLANK_LINES_AROUND_FIELD" value="0" />
    <option name="BLANK_LINES_AROUND_METHOD" value="1" />
    <option name="BLANK_LINES_BEFORE_METHOD_BODY" value="0" />
    <option name="BLANK_LINES_AROUND_FIELD_IN_INTERFACE" value="0" />
    <option name="BLANK_LINES_AROUND_METHOD_IN_INTERFACE" value="1" />
    <option name="BLANK_LINES_AFTER_CLASS_HEADER" value="0" />
    <option name="BLANK_LINES_AFTER_ANONYMOUS_CLASS_HEADER" value="0" />
    <option name="BRACE_STYLE" value="1" />
    <option name="CLASS_BRACE_STYLE" value="1" />
    <option name="METHOD_BRACE_STYLE" value="1" />
    <option name="USE_FLYING_GEESE_BRACES" value="false" />
    <option name="FLYING_GEESE_BRACES_GAP" value="1" />
    <option name="DO_NOT_INDENT_TOP_LEVEL_CLASS_MEMBERS" value="false" />
    <option name="ELSE_ON_NEW_LINE" value="false" />
    <option name="WHILE_ON_NEW_LINE" value="false" />
    <option name="CATCH_ON_NEW_LINE" value="false" />
    <option name="FINALLY_ON_NEW_LINE" value="false" />
    <option name="INDENT_CASE_FROM_SWITCH" value="true" />
    <option name="SPECIAL_ELSE_IF_TREATMENT" value="true" />
    <option name="ALIGN_MULTILINE_CHAINED_METHODS" value="false" />
    <option name="ALIGN_MULTILINE_PARAMETERS" value="true" />
    <option name="ALIGN_MULTILINE_PARAMETERS_IN_CALLS" value="true" />
    <option name="ALIGN_MULTILINE_RESOURCES" value="true" />
    <option name="ALIGN_MULTILINE_FOR" value="true" />
    <option name="INDENT_WHEN_CASES" value="true" />
    <option name="ALIGN_MULTILINE_BINARY_OPERATION" value="false" />
    <option name="ALIGN_MULTILINE_ASSIGNMENT" value="false" />
    <option name="ALIGN_MULTILINE_TERNARY_OPERATION" value="false" />
    <option name="ALIGN_MULTILINE_THROWS_LIST" value="false" />
    <option name="ALIGN_THROWS_KEYWORD" value="false" />
    <option name="ALIGN_MULTILINE_EXTENDS_LIST" value="false" />
    <option name="ALIGN_MULTILINE_METHOD_BRACKETS" value="false" />
    <option name="ALIGN_MULTILINE_PARENTHESIZED_EXPRESSION" value="false" />
    <option name="ALIGN_MULTILINE_ARRAY_INITIALIZER_EXPRESSION" value="false" />
    <option name="ALIGN_GROUP_FIELD_DECLARATIONS" value="false" />
    <option name="SPACE_AROUND_ASSIGNMENT_OPERATORS" value="true" />
    <option name="SPACE_AROUND_LOGICAL_OPERATORS" value="true" />
    <option name="SPACE_AROUND_EQUALITY_OPERATORS" value="true" />
    <option name="SPACE_AROUND_RELATIONAL_OPERATORS" value="true" />
    <option name="SPACE_AROUND_BITWISE_OPERATORS" value="true" />
    <option name="SPACE_AROUND_ADDITIVE_OPERATORS" value="true" />
    <option name="SPACE_AROUND_MULTIPLICATIVE_OPERATORS" value="true" />
    <option name="SPACE_AROUND_SHIFT_OPERATORS" value="true" />
    <option name="SPACE_AROUND_UNARY_OPERATOR" value="false" />
    <option name="SPACE_AFTER_COMMA" value="true" />
    <option name="SPACE_AFTER_COMMA_IN_TYPE_ARGUMENTS" value="true" />
    <option name="SPACE_BEFORE_COMMA" value="false" />
    <option name="SPACE_AFTER_SEMICOLON" value="true" />
    <option name="SPACE_BEFORE_SEMICOLON" value="false" />
    <option name="SPACE_WITHIN_PARENTHESES" value="false" />
    <option name="SPACE_WITHIN_METHOD_CALL_PARENTHESES" value="false" />
    <option name="SPACE_WITHIN_METHOD_PARENTHESES" value="false" />
    <option name="SPACE_WITHIN_IF_PARENTHESES" value="false" />
    <option name="SPACE_WITHIN_WHILE_PARENTHESES" value="false" />
    <option name="SPACE_WITHIN_FOR_PARENTHESES" value="false" />
    <option name="SPACE_WITHIN_TRY_PARENTHESES" value="false" />
    <option name="SPACE_WITHIN_CATCH_PARENTHESES" value="false" />
    <option name="SPACE_WITHIN_SWITCH_PARENTHESES" value="false" />
    <option name="SPACE_WITHIN_SYNCHRONIZED_PARENTHESES" value="false" />
    <option name="SPACE_WITHIN_CAST_PARENTHESES" value="false" />
    <option name="SPACE_WITHIN_BRACKETS" value="false" />
    <option name="SPACE_WITHIN_BRACES" value="false" />
    <option name="SPACE_WITHIN_ARRAY_INITIALIZER_BRACES" value="false" />
    <option name="SPACE_AFTER_TYPE_CAST" value="true" />
    <option name="SPACE_BEFORE_METHOD_CALL_PARENTHESES" value="false" />
    <option name="SPACE_BEFORE_METHOD_PARENTHESES" value="false" />
    <option name="SPACE_BEFORE_IF_PARENTHESES" value="true" />
    <option name="SPACE_BEFORE_WHILE_PARENTHESES" value="true" />
    <option name="SPACE_BEFORE_FOR_PARENTHESES" value="true" />
    <option name="SPACE_BEFORE_TRY_PARENTHESES" value="true" />
    <option name="SPACE_BEFORE_CATCH_PARENTHESES" value="true" />
    <option name="SPACE_BEFORE_SWITCH_PARENTHESES" value="true" />
    <option name="SPACE_BEFORE_SYNCHRONIZED_PARENTHESES" value="true" />
    <option name="SPACE_BEFORE_CLASS_LBRACE" value="true" />
    <option name="SPACE_BEFORE_METHOD_LBRACE" value="true" />
    <option name="SPACE_BEFORE_IF_LBRACE" value="true" />
    <option name="SPACE_BEFORE_ELSE_LBRACE" value="true" />
    <option name="SPACE_BEFORE_WHILE_LBRACE" value="true" />
    <option name="SPACE_BEFORE_FOR_LBRACE" value="true" />
    <option name="SPACE_BEFORE_DO_LBRACE" value="true" />
    <option name="SPACE_BEFORE_SWITCH_LBRACE" value="true" />
    <option name="SPACE_BEFORE_TRY_LBRACE" value="true" />
    <option name="SPACE_BEFORE_CATCH_LBRACE" value="true" />
    <option name="SPACE_BEFORE_FINALLY_LBRACE" value="true" />
    <option name="SPACE_BEFORE_SYNCHRONIZED_LBRACE" value="true" />
    <option name="SPACE_BEFORE_ARRAY_INITIALIZER_LBRACE" value="false" />
    <option name="SPACE_BEFORE_ANNOTATION_ARRAY_INITIALIZER_LBRACE" value="false" />
    <option name="SPACE_BEFORE_ELSE_KEYWORD" value="true" />
    <option name="SPACE_BEFORE_WHILE_KEYWORD" value="true" />
    <option name="SPACE_BEFORE_CATCH_KEYWORD" value="true" />
    <option name="SPACE_BEFORE_FINALLY_KEYWORD" value="true" />
    <option name="SPACE_BEFORE_QUEST" value="true" />
    <option name="SPACE_AFTER_QUEST" value="true" />
    <option name="SPACE_BEFORE_COLON" value="true" />
    <option name="SPACE_AFTER_COLON" value="true" />
    <option name="SPACE_BEFORE_TYPE_PARAMETER_LIST" value="false" />
    <option name="CALL_PARAMETERS_WRAP" value="0" />
    <option name="PREFER_PARAMETERS_WRAP" value="false" />
    <option name="CALL_PARAMETERS_LPAREN_ON_NEXT_LINE" value="false" />
    <option name="CALL_PARAMETERS_RPAREN_ON_NEXT_LINE" value="false" />
    <option name="METHOD_PARAMETERS_WRAP" value="0" />
    <option name="METHOD_PARAMETERS_LPAREN_ON_NEXT_LINE" value="false" />
    <option name="METHOD_PARAMETERS_RPAREN_ON_NEXT_LINE" value="false" />
    <option name="RESOURCE_LIST_WRAP" value="0" />
    <option name="RESOURCE_LIST_LPAREN_ON_NEXT_LINE" value="false" />
    <option name="RESOURCE_LIST_RPAREN_ON_NEXT_LINE" value="false" />
    <option name="EXTENDS_LIST_WRAP" value="0" />
    <option name="THROWS_LIST_WRAP" value="0" />
    <option name="EXTENDS_KEYWORD_WRAP" value="0" />
    <option name="THROWS_KEYWORD_WRAP" value="0" />
    <option name="METHOD_CALL_CHAIN_WRAP" value="0" />
    <option name="PARENTHESES_EXPRESSION_LPAREN_WRAP" value="false" />
    <option name="PARENTHESES_EXPRESSION_RPAREN_WRAP" value="false" />
    <option name="BINARY_OPERATION_WRAP" value="0" />
    <option name="BINARY_OPERATION_SIGN_ON_NEXT_LINE" value="false" />
    <option name="TERNARY_OPERATION_WRAP" value="0" />
    <option name="TERNARY_OPERATION_SIGNS_ON_NEXT_LINE" value="false" />
    <option name="MODIFIER_LIST_WRAP" value="false" />
    <option name="KEEP_SIMPLE_BLOCKS_IN_ONE_LINE" value="false" />
    <option name="KEEP_SIMPLE_METHODS_IN_ONE_LINE" value="true" />
    <option name="KEEP_SIMPLE_CLASSES_IN_ONE_LINE" value="false" />
    <option name="KEEP_MULTIPLE_EXPRESSIONS_IN_ONE_LINE" value="false" />
    <option name="FOR_STATEMENT_WRAP" value="0" />
    <option name="FOR_STATEMENT_LPAREN_ON_NEXT_LINE" value="false" />
    <option name="FOR_STATEMENT_RPAREN_ON_NEXT_LINE" value="false" />
    <option name="ARRAY_INITIALIZER_WRAP" value="0" />
    <option name="ARRAY_INITIALIZER_LBRACE_ON_NEXT_LINE" value="false" />
    <option name="ARRAY_INITIALIZER_RBRACE_ON_NEXT_LINE" value="false" />
    <option name="ASSIGNMENT_WRAP" value="0" />
    <option name="PLACE_ASSIGNMENT_SIGN_ON_NEXT_LINE" value="false" />
    <option name="LABELED_STATEMENT_WRAP" value="2" />
    <option name="WRAP_COMMENTS" value="false" />
    <option name="ASSERT_STATEMENT_WRAP" value="0" />
    <option name="ASSERT_STATEMENT_COLON_ON_NEXT_LINE" value="false" />
    <option name="IF_BRACE_FORCE" value="1" />
    <option name="DOWHILE_BRACE_FORCE" value="0" />
    <option name="WHILE_BRACE_FORCE" value="0" />
    <option name="FOR_BRACE_FORCE" value="0" />
    <option name="WRAP_LONG_LINES" value="false" />
    <option name="METHOD_ANNOTATION_WRAP" value="2" />
    <option name="CLASS_ANNOTATION_WRAP" value="2" />
    <option name="FIELD_ANNOTATION_WRAP" value="2" />
    <option name="PARAMETER_ANNOTATION_WRAP" value="0" />
    <option name="VARIABLE_ANNOTATION_WRAP" value="0" />
    <option name="SPACE_BEFORE_ANOTATION_PARAMETER_LIST" value="false" />
    <option name="SPACE_WITHIN_ANNOTATION_PARENTHESES" value="false" />
    <option name="ENUM_CONSTANTS_WRAP" value="0" />
    <option name="PARENT_SETTINGS_INSTALLED" value="true" />
  </codeStyleSettings>
  <codeStyleSettings language="Groovy">
    <option name="KEEP_FIRST_COLUMN_COMMENT" value="false" />
    <option name="ALIGN_MULTILINE_PARAMETERS_IN_CALLS" value="true" />
    <option name="KEEP_SIMPLE_METHODS_IN_ONE_LINE" value="true" />
    <option name="IF_BRACE_FORCE" value="1" />
    <option name="PARENT_SETTINGS_INSTALLED" value="true" />
  </codeStyleSettings>
  <codeStyleSettings language="JAVA">
    <option name="KEEP_FIRST_COLUMN_COMMENT" value="false" />
    <option name="ALIGN_MULTILINE_PARAMETERS_IN_CALLS" value="true" />
    <option name="KEEP_SIMPLE_METHODS_IN_ONE_LINE" value="true" />
    <option name="IF_BRACE_FORCE" value="1" />
    <option name="PARENT_SETTINGS_INSTALLED" value="true" />
    <indentOptions>
      <option name="USE_TAB_CHARACTER" value="true" />
    </indentOptions>
  </codeStyleSettings>
  <codeStyleSettings language="JavaScript">
    <option name="KEEP_FIRST_COLUMN_COMMENT" value="false" />
    <option name="ALIGN_MULTILINE_PARAMETERS_IN_CALLS" value="true" />
    <option name="KEEP_SIMPLE_METHODS_IN_ONE_LINE" value="true" />
    <option name="IF_BRACE_FORCE" value="1" />
    <option name="PARENT_SETTINGS_INSTALLED" value="true" />
  </codeStyleSettings>
  <codeStyleSettings language="PHP">
    <option name="KEEP_FIRST_COLUMN_COMMENT" value="false" />
    <option name="KEEP_SIMPLE_METHODS_IN_ONE_LINE" value="true" />
    <option name="IF_BRACE_FORCE" value="1" />
    <option name="PARENT_SETTINGS_INSTALLED" value="true" />
  </codeStyleSettings>
  <codeStyleSettings language="SQL">
    <option name="KEEP_FIRST_COLUMN_COMMENT" value="false" />
    <option name="PARENT_SETTINGS_INSTALLED" value="true" />
  </codeStyleSettings>
  <codeStyleSettings language="XML">
    <indentOptions>
      <option name="USE_TAB_CHARACTER" value="true" />
    </indentOptions>
  </codeStyleSettings>
</code_scheme>

